<?xml version="1.0" encoding="UTF-8" standalone="no"?><TaskList Version="2.0"><Task Active="false" ConnectorKind="local" CreationDate="2012-02-14 11:03:50.564 -0500" DueDate="" EndDate="" Estimated="0" Handle="local-71" IssueURL="" Kind="task" Label="confirm copyright of android icon graphics - don't want to use copyrighted material" LastModified="now" MarkReadPending="false" ModificationDate="" Notes="" NotifiedIncoming="true" Owner="local" Priority="P3" Reminded="false" RepositoryUrl="local" ScheduledEndDate="2012-02-18 23:59:59.999 -0500" ScheduledStartDate="2012-02-12 00:00:00.0 -0500" Stale="false" TaskId="71" offlineSyncState="SYNCHRONIZED"/><Task Active="false" ConnectorKind="local" CreationDate="2012-01-10 20:12:44.426 -0500" DueDate="" EndDate="2012-01-22 09:43:33.557 -0500" Estimated="0" Handle="local-6" IssueURL="" Kind="task" Label="make calculation handle PMI correctly - if the down payment is less than pmi, add pmi to each mortgage payment" LastModified="now" MarkReadPending="false" ModificationDate="" Notes="" NotifiedIncoming="true" Owner="local" Priority="P3" Reminded="false" RepositoryUrl="local" ScheduledEndDate="2012-01-14 23:59:59.999 -0500" ScheduledStartDate="2012-01-08 00:00:00.0 -0500" Stale="false" TaskId="6" offlineSyncState="SYNCHRONIZED"/><Task Active="false" ConnectorKind="local" CreationDate="2012-01-24 11:15:56.735 -0500" DueDate="" EndDate="2012-02-14 21:03:53.100 -0500" Estimated="0" Handle="local-19" IssueURL="" Kind="task" Label="add cap rate using NOI - see http://en.wikipedia.org/wiki/Real_estate_investing" LastModified="now" MarkReadPending="false" ModificationDate="" Notes="" NotifiedIncoming="true" Owner="local" Priority="P3" Reminded="false" RepositoryUrl="local" ScheduledEndDate="2012-01-28 23:59:59.999 -0500" ScheduledStartDate="2012-01-22 00:00:00.0 -0500" Stale="false" TaskId="19" offlineSyncState="SYNCHRONIZED"/><Task Active="false" ConnectorKind="local" CreationDate="2012-01-10 20:53:52.607 -0500" DueDate="" EndDate="2012-01-22 23:41:59.37 -0500" Estimated="0" Handle="local-16" IssueURL="" Kind="task" Label="bug: when the user returns from editing the values, the data table is black text on black background" LastModified="now" MarkReadPending="false" ModificationDate="" Notes="" NotifiedIncoming="true" Owner="local" Priority="P3" Reminded="false" RepositoryUrl="local" ScheduledEndDate="2012-01-14 23:59:59.999 -0500" ScheduledStartDate="2012-01-08 00:00:00.0 -0500" Stale="false" TaskId="16" offlineSyncState="SYNCHRONIZED"/><Task Active="false" ConnectorKind="local" CreationDate="2012-02-14 11:02:27.147 -0500" DueDate="" EndDate="" Estimated="0" Handle="local-67" IssueURL="" Kind="task" Label="finish up all equations for each calc'd number" LastModified="now" MarkReadPending="false" ModificationDate="" Notes="Do:&#13;&#10;&#13;&#10;Rental Income&#13;&#10;yearly outlay&#13;&#10;after tax cash flow&#13;&#10;before tax cash flow&#13;&#10;mirr&#13;&#10;npv&#13;&#10;ater&#13;&#10;before tax equity reversion&#13;&#10;projected home value&#13;&#10;monthly mortgage payment&#13;&#10;yearly interest payment&#13;&#10;yearly principal payment&#13;&#10;NOI&#13;&#10;cap rate - current&#13;&#10;cap rate - versus original purchase value&#13;&#10;&#13;&#10;...." NotifiedIncoming="true" Owner="local" Priority="P3" Reminded="false" RepositoryUrl="local" ScheduledEndDate="2012-02-18 23:59:59.999 -0500" ScheduledStartDate="2012-02-12 00:00:00.0 -0500" Stale="false" TaskId="67" offlineSyncState="SYNCHRONIZED"/><Task Active="false" ConnectorKind="local" CreationDate="2012-01-10 20:47:34.152 -0500" DueDate="" EndDate="2012-01-23 22:23:39.779 -0500" Estimated="0" Handle="local-11" IssueURL="" Kind="task" Label="add functionality for modified internal rate of return" LastModified="now" MarkReadPending="false" ModificationDate="" Notes="" NotifiedIncoming="true" Owner="local" Priority="P3" Reminded="false" RepositoryUrl="local" ScheduledEndDate="2012-01-14 23:59:59.999 -0500" ScheduledStartDate="2012-01-08 00:00:00.0 -0500" Stale="false" TaskId="11" offlineSyncState="SYNCHRONIZED"/><Task Active="false" ConnectorKind="local" CreationDate="2012-02-11 13:43:02.442 -0500" DueDate="" EndDate="2012-02-14 23:57:51.286 -0500" Estimated="0" Handle="local-58" IssueURL="" Kind="task" Label="make sure max value / min value doesn't update the calcs if unnecessary" LastModified="now" MarkReadPending="false" ModificationDate="" Notes="" NotifiedIncoming="true" Owner="local" Priority="P3" Reminded="false" RepositoryUrl="local" ScheduledEndDate="2012-02-11 23:59:59.999 -0500" ScheduledStartDate="2012-02-05 00:00:00.0 -0500" Stale="false" TaskId="58" offlineSyncState="SYNCHRONIZED"/><Task Active="false" ConnectorKind="local" CreationDate="2012-02-02 11:49:24.914 -0500" DueDate="" EndDate="2012-02-06 13:46:18.688 -0500" Estimated="0" Handle="local-32" IssueURL="" Kind="task" Label="Go through all help text and make it comprehensive" LastModified="now" MarkReadPending="false" ModificationDate="" Notes="" NotifiedIncoming="true" Owner="local" Priority="P3" Reminded="false" RepositoryUrl="local" ScheduledEndDate="2012-02-04 23:59:59.999 -0500" ScheduledStartDate="2012-01-29 00:00:00.0 -0500" Stale="false" TaskId="32" offlineSyncState="SYNCHRONIZED"/><Task Active="false" ConnectorKind="local" CreationDate="2012-02-02 12:12:13.951 -0500" DueDate="" EndDate="2012-02-10 16:50:38.130 -0500" Estimated="0" Handle="local-35" IssueURL="" Kind="task" Label="need to be more intelligent about when it is necessary to reload data on a onResume() to GraphActivity" LastModified="now" MarkReadPending="false" ModificationDate="" Notes="" NotifiedIncoming="true" Owner="local" Priority="P3" Reminded="false" RepositoryUrl="local" ScheduledEndDate="2012-02-04 23:59:59.999 -0500" ScheduledStartDate="2012-01-29 00:00:00.0 -0500" Stale="false" TaskId="35" offlineSyncState="SYNCHRONIZED"/><Task Active="false" ConnectorKind="local" CreationDate="2012-02-02 11:48:48.437 -0500" DueDate="" EndDate="2012-02-06 13:46:14.162 -0500" Estimated="0" Handle="local-31" IssueURL="" Kind="task" Label="add tiny help buttons on each of the data table items." LastModified="now" MarkReadPending="false" ModificationDate="" Notes="" NotifiedIncoming="true" Owner="local" Priority="P3" Reminded="false" RepositoryUrl="local" ScheduledEndDate="2012-02-04 23:59:59.999 -0500" ScheduledStartDate="2012-01-29 00:00:00.0 -0500" Stale="false" TaskId="31" offlineSyncState="SYNCHRONIZED"/><Task Active="false" ConnectorKind="local" CreationDate="2012-01-10 20:51:23.451 -0500" DueDate="" EndDate="2012-02-10 23:17:44.331 -0500" Estimated="0" Handle="local-14" IssueURL="" Kind="task" Label="System should remember min and max values for when the user leaves and returns to the app" LastModified="now" MarkReadPending="false" ModificationDate="" Notes="" NotifiedIncoming="true" Owner="local" Priority="P3" Reminded="false" RepositoryUrl="local" ScheduledEndDate="2012-01-14 23:59:59.999 -0500" ScheduledStartDate="2012-01-08 00:00:00.0 -0500" Stale="false" TaskId="14" offlineSyncState="SYNCHRONIZED"/><Task Active="false" ConnectorKind="local" CreationDate="2012-02-14 11:04:15.691 -0500" DueDate="" EndDate="" Estimated="0" Handle="local-72" IssueURL="" Kind="task" Label="make appointments with real estate agents / real estate developers to discuss" LastModified="now" MarkReadPending="false" ModificationDate="" Notes="" NotifiedIncoming="true" Owner="local" Priority="P3" Reminded="false" RepositoryUrl="local" ScheduledEndDate="2012-02-18 23:59:59.999 -0500" ScheduledStartDate="2012-02-12 00:00:00.0 -0500" Stale="false" TaskId="72" offlineSyncState="SYNCHRONIZED"/><Task Active="false" ConnectorKind="local" CreationDate="2012-02-07 16:23:01.322 -0500" DueDate="" EndDate="2012-02-08 10:35:56.131 -0500" Estimated="0" Handle="local-51" IssueURL="" Kind="task" Label="BUG:local municipal fees does not apply in in calculations" LastModified="now" MarkReadPending="false" ModificationDate="" Notes="" NotifiedIncoming="true" Owner="local" Priority="P3" Reminded="false" RepositoryUrl="local" ScheduledEndDate="2012-02-11 23:59:59.999 -0500" ScheduledStartDate="2012-02-05 00:00:00.0 -0500" Stale="false" TaskId="51" offlineSyncState="SYNCHRONIZED"/><Task Active="false" ConnectorKind="local" CreationDate="2012-01-24 11:17:10.83 -0500" DueDate="" EndDate="2012-01-25 20:59:53.361 -0500" Estimated="0" Handle="local-20" IssueURL="" Kind="task" Label="configure mirr to handle values based on year" LastModified="now" MarkReadPending="false" ModificationDate="" Notes="Will be necessary to modify the implementation to take the value and add to a list.  This list will be crunched each time to assume that the final year increases each iteration." NotifiedIncoming="true" Owner="local" Priority="P3" Reminded="false" RepositoryUrl="local" ScheduledEndDate="2012-01-28 23:59:59.999 -0500" ScheduledStartDate="2012-01-22 00:00:00.0 -0500" Stale="false" TaskId="20" offlineSyncState="SYNCHRONIZED"/><Task Active="false" ConnectorKind="local" CreationDate="2012-02-14 11:10:21.723 -0500" DueDate="" EndDate="" Estimated="0" Handle="local-79" IssueURL="" Kind="task" Label="take screenshots of all the pages of the app." LastModified="now" MarkReadPending="false" ModificationDate="" Notes="" NotifiedIncoming="true" Owner="local" Priority="P3" Reminded="false" RepositoryUrl="local" ScheduledEndDate="2012-02-18 23:59:59.999 -0500" ScheduledStartDate="2012-02-12 00:00:00.0 -0500" Stale="false" TaskId="79" offlineSyncState="SYNCHRONIZED"/><Task Active="false" ConnectorKind="local" CreationDate="2012-02-03 12:51:35.666 -0500" DueDate="" EndDate="" Estimated="0" Handle="local-42" IssueURL="" Kind="task" Label="fix-up costs should not be in the rental activity. same with yearly home insurance.  CHeck that activity closely" LastModified="now" MarkReadPending="false" ModificationDate="" Notes="" NotifiedIncoming="true" Owner="local" Priority="P3" Reminded="false" RepositoryUrl="local" ScheduledEndDate="2012-02-04 23:59:59.999 -0500" ScheduledStartDate="2012-01-29 00:00:00.0 -0500" Stale="false" TaskId="42" offlineSyncState="SYNCHRONIZED"/><Task Active="false" ConnectorKind="local" CreationDate="2012-01-25 21:27:06.734 -0500" DueDate="" EndDate="2012-02-06 13:46:32.766 -0500" Estimated="0" Handle="local-26" IssueURL="" Kind="task" Label="refactor everything 3 times over." LastModified="now" MarkReadPending="false" ModificationDate="" Notes="" NotifiedIncoming="true" Owner="local" Priority="P3" Reminded="false" RepositoryUrl="local" ScheduledEndDate="2012-01-28 23:59:59.999 -0500" ScheduledStartDate="2012-01-22 00:00:00.0 -0500" Stale="false" TaskId="26" offlineSyncState="SYNCHRONIZED"/><Task Active="false" ConnectorKind="local" CreationDate="2012-02-10 07:34:39.747 -0500" DueDate="" EndDate="" Estimated="0" Handle="local-57" IssueURL="" Kind="task" Label="to support MathCheck activity, make sure all calculated values are pulled correctly" LastModified="now" MarkReadPending="false" ModificationDate="" Notes="" NotifiedIncoming="true" Owner="local" Priority="P3" Reminded="false" RepositoryUrl="local" ScheduledEndDate="2012-02-11 23:59:59.999 -0500" ScheduledStartDate="2012-02-05 00:00:00.0 -0500" Stale="false" TaskId="57" offlineSyncState="SYNCHRONIZED"/><Task Active="false" ConnectorKind="local" CreationDate="2012-02-14 11:10:32.797 -0500" DueDate="" EndDate="" Estimated="0" Handle="local-80" IssueURL="" Kind="task" Label="write brief documentation on how the system is supposed to work, in an advertising manner" LastModified="now" MarkReadPending="false" ModificationDate="" Notes="MIRR - calculate the" NotifiedIncoming="true" Owner="local" Priority="P3" Reminded="false" RepositoryUrl="local" ScheduledEndDate="2012-02-18 23:59:59.999 -0500" ScheduledStartDate="2012-02-12 00:00:00.0 -0500" Stale="false" TaskId="80" offlineSyncState="SYNCHRONIZED"/><Task Active="false" ConnectorKind="local" CreationDate="2012-02-14 11:05:22.621 -0500" DueDate="" EndDate="" Estimated="0" Handle="local-74" IssueURL="" Kind="task" Label="figure out correct price point for app" LastModified="now" MarkReadPending="false" ModificationDate="" Notes="" NotifiedIncoming="true" Owner="local" Priority="P3" Reminded="false" RepositoryUrl="local" ScheduledEndDate="2012-02-18 23:59:59.999 -0500" ScheduledStartDate="2012-02-12 00:00:00.0 -0500" Stale="false" TaskId="74" offlineSyncState="SYNCHRONIZED"/><Task Active="false" ConnectorKind="local" CreationDate="2012-01-10 20:50:54.368 -0500" DueDate="" EndDate="2012-01-25 20:03:46.271 -0500" Estimated="0" Handle="local-13" IssueURL="" Kind="task" Label="The system should remember which values were configured to be seen when the user returns" LastModified="now" MarkReadPending="false" ModificationDate="" Notes="implements Parcelable&#13;&#10;&#13;&#10;see http://stackoverflow.com/questions/2836256/passing-enum-or-object-through-an-intent-the-best-solution" NotifiedIncoming="true" Owner="local" Priority="P3" Reminded="false" RepositoryUrl="local" ScheduledEndDate="2012-01-14 23:59:59.999 -0500" ScheduledStartDate="2012-01-08 00:00:00.0 -0500" Stale="false" TaskId="13" offlineSyncState="SYNCHRONIZED"/><Task Active="false" ConnectorKind="local" CreationDate="2012-01-24 13:56:45.277 -0500" DueDate="" EndDate="2012-01-25 21:00:02.309 -0500" Estimated="0" Handle="local-22" IssueURL="" Kind="task" Label="show accumulated income per year" LastModified="now" MarkReadPending="false" ModificationDate="" Notes="" NotifiedIncoming="true" Owner="local" Priority="P3" Reminded="false" RepositoryUrl="local" ScheduledEndDate="2012-01-28 23:59:59.999 -0500" ScheduledStartDate="2012-01-22 00:00:00.0 -0500" Stale="false" TaskId="22" offlineSyncState="SYNCHRONIZED"/><Task Active="false" ConnectorKind="local" CreationDate="2012-01-10 20:16:00.617 -0500" DueDate="" EndDate="2012-01-22 09:43:16.683 -0500" Estimated="0" Handle="local-8" IssueURL="" Kind="task" Label="add feature so that when a user leaves the general data input fields, it converts what they entered to a nice value" LastModified="now" MarkReadPending="false" ModificationDate="" Notes="" NotifiedIncoming="true" Owner="local" Priority="P3" Reminded="false" RepositoryUrl="local" ScheduledEndDate="2012-01-14 23:59:59.999 -0500" ScheduledStartDate="2012-01-08 00:00:00.0 -0500" Stale="false" TaskId="8" offlineSyncState="SYNCHRONIZED"/><Task Active="false" ConnectorKind="local" CreationDate="2011-12-22 15:54:28.126 -0500" DueDate="" EndDate="2011-12-23 21:08:34.79 -0500" Estimated="0" Handle="local-4" IssueURL="" Kind="task" Label="redesign graph page with sliders locked at bottom and everything else scrolling." LastModified="now" MarkReadPending="false" ModificationDate="" Notes="" NotifiedIncoming="true" Owner="local" Priority="P3" Reminded="false" RepositoryUrl="local" ScheduledEndDate="2011-12-24 23:59:59.999 -0500" ScheduledStartDate="2011-12-18 00:00:00.0 -0500" Stale="false" TaskId="4" offlineSyncState="SYNCHRONIZED"/><Task Active="false" ConnectorKind="local" CreationDate="2012-01-10 20:54:54.4 -0500" DueDate="" EndDate="2012-02-08 23:01:22.193 -0500" Estimated="0" Handle="local-17" IssueURL="" Kind="task" Label="should be a warning dialog to indicate when data will be overwritten, like when the user selects to load data from the database." LastModified="now" MarkReadPending="false" ModificationDate="" Notes="" NotifiedIncoming="true" Owner="local" Priority="P3" Reminded="false" RepositoryUrl="local" ScheduledEndDate="2012-01-14 23:59:59.999 -0500" ScheduledStartDate="2012-01-08 00:00:00.0 -0500" Stale="false" TaskId="17" offlineSyncState="SYNCHRONIZED"/><Task Active="false" ConnectorKind="local" CreationDate="2012-01-25 21:35:20.171 -0500" DueDate="" EndDate="2012-02-06 13:46:07.995 -0500" Estimated="0" Handle="local-30" IssueURL="" Kind="task" Label="put in cool background / graphics" LastModified="now" MarkReadPending="false" ModificationDate="" Notes="" NotifiedIncoming="true" Owner="local" Priority="P3" Reminded="false" RepositoryUrl="local" ScheduledEndDate="2012-01-28 23:59:59.999 -0500" ScheduledStartDate="2012-01-22 00:00:00.0 -0500" Stale="false" TaskId="30" offlineSyncState="SYNCHRONIZED"/><Task Active="false" ConnectorKind="local" CreationDate="2012-02-14 11:01:03.111 -0500" DueDate="" EndDate="2012-02-15 00:59:08.625 -0500" Estimated="0" Handle="local-64" IssueURL="" Kind="task" Label="change buttons to access data pages so they are big and square" LastModified="now" MarkReadPending="false" ModificationDate="" Notes="" NotifiedIncoming="true" Owner="local" Priority="P3" Reminded="false" RepositoryUrl="local" ScheduledEndDate="2012-02-18 23:59:59.999 -0500" ScheduledStartDate="2012-02-12 00:00:00.0 -0500" Stale="false" TaskId="64" offlineSyncState="SYNCHRONIZED"/><Task Active="false" ConnectorKind="local" CreationDate="2012-01-24 00:01:22.627 -0500" DueDate="" EndDate="2012-02-08 22:50:01.518 -0500" Estimated="0" Handle="local-18" IssueURL="" Kind="task" Label="monthly mortgage payment changes when down payment is selected to change in dropdown." LastModified="now" MarkReadPending="false" ModificationDate="" Notes="" NotifiedIncoming="true" Owner="local" Priority="P3" Reminded="false" RepositoryUrl="local" ScheduledEndDate="2012-01-28 23:59:59.999 -0500" ScheduledStartDate="2012-01-22 00:00:00.0 -0500" Stale="false" TaskId="18" offlineSyncState="SYNCHRONIZED"/><Task Active="false" ConnectorKind="local" CreationDate="2012-02-10 07:34:08.902 -0500" DueDate="" EndDate="" Estimated="0" Handle="local-56" IssueURL="" Kind="task" Label="create MathCheck Activity to show all calculations and dynamically check them for correctness" LastModified="now" MarkReadPending="false" ModificationDate="" Notes="" NotifiedIncoming="true" Owner="local" Priority="P3" Reminded="false" RepositoryUrl="local" ScheduledEndDate="2012-02-11 23:59:59.999 -0500" ScheduledStartDate="2012-02-05 00:00:00.0 -0500" Stale="false" TaskId="56" offlineSyncState="SYNCHRONIZED"/><Task Active="false" ConnectorKind="local" CreationDate="2012-01-10 20:17:52.488 -0500" DueDate="" EndDate="2012-01-22 09:45:04.925 -0500" Estimated="0" Handle="local-9" IssueURL="" Kind="task" Label="under sale activity, help text for &quot;general sale expenses&quot; is ambiguous - it is not clear whether it means the first sale or last sale!" LastModified="now" MarkReadPending="false" ModificationDate="" Notes="" NotifiedIncoming="true" Owner="local" Priority="P3" Reminded="false" RepositoryUrl="local" ScheduledEndDate="2012-01-14 23:59:59.999 -0500" ScheduledStartDate="2012-01-08 00:00:00.0 -0500" Stale="false" TaskId="9" offlineSyncState="SYNCHRONIZED"/><Task Active="false" ConnectorKind="local" CreationDate="2011-12-22 15:53:50.914 -0500" DueDate="" EndDate="2011-12-23 21:08:36.473 -0500" Estimated="0" Handle="local-3" IssueURL="" Kind="task" Label="Set up the three graph classes as an enum and remove them" LastModified="now" MarkReadPending="false" ModificationDate="" Notes="" NotifiedIncoming="true" Owner="local" Priority="P3" Reminded="false" RepositoryUrl="local" ScheduledEndDate="2011-12-24 23:59:59.999 -0500" ScheduledStartDate="2011-12-18 00:00:00.0 -0500" Stale="false" TaskId="3" offlineSyncState="SYNCHRONIZED"/><Task Active="false" ConnectorKind="local" CreationDate="2012-02-14 11:04:44.794 -0500" DueDate="" EndDate="" Estimated="0" Handle="local-73" IssueURL="" Kind="task" Label="figure out how to let certain people download the app without worry.  Probably something where I put it on my website for a brief time until they download it." LastModified="now" MarkReadPending="false" ModificationDate="" Notes="" NotifiedIncoming="true" Owner="local" Priority="P3" Reminded="false" RepositoryUrl="local" ScheduledEndDate="2012-02-18 23:59:59.999 -0500" ScheduledStartDate="2012-02-12 00:00:00.0 -0500" Stale="false" TaskId="73" offlineSyncState="SYNCHRONIZED"/><Task Active="false" ConnectorKind="local" CreationDate="2012-02-14 11:06:20.21 -0500" DueDate="" EndDate="" Estimated="0" Handle="local-76" IssueURL="" Kind="task" Label="correct front splash screen to have a title next to the input box.  This title should have help which mentions how the values will be calculated" LastModified="now" MarkReadPending="false" ModificationDate="" Notes="" NotifiedIncoming="true" Owner="local" Priority="P3" Reminded="false" RepositoryUrl="local" ScheduledEndDate="2012-02-18 23:59:59.999 -0500" ScheduledStartDate="2012-02-12 00:00:00.0 -0500" Stale="false" TaskId="76" offlineSyncState="SYNCHRONIZED"/><Task Active="false" ConnectorKind="local" CreationDate="2012-02-14 11:10:50.620 -0500" DueDate="" EndDate="" Estimated="0" Handle="local-81" IssueURL="" Kind="task" Label="Write a press release for the app, run by Uncle Dan, send to real estate magazines, app reviewers, etc." LastModified="now" MarkReadPending="false" ModificationDate="" Notes="" NotifiedIncoming="true" Owner="local" Priority="P3" Reminded="false" RepositoryUrl="local" ScheduledEndDate="2012-02-18 23:59:59.999 -0500" ScheduledStartDate="2012-02-12 00:00:00.0 -0500" Stale="false" TaskId="81" offlineSyncState="SYNCHRONIZED"/><Task Active="false" ConnectorKind="local" CreationDate="2012-02-03 12:48:11.766 -0500" DueDate="" EndDate="2012-02-09 22:17:12.432 -0500" Estimated="0" Handle="local-41" IssueURL="" Kind="task" Label="add calc gadget per each page" LastModified="now" MarkReadPending="false" ModificationDate="" Notes="" NotifiedIncoming="true" Owner="local" Priority="P3" Reminded="false" RepositoryUrl="local" ScheduledEndDate="2012-02-04 23:59:59.999 -0500" ScheduledStartDate="2012-01-29 00:00:00.0 -0500" Stale="false" TaskId="41" offlineSyncState="SYNCHRONIZED"/><Task Active="false" ConnectorKind="local" CreationDate="2012-02-10 07:33:42.30 -0500" DueDate="" EndDate="2012-02-10 16:51:23.487 -0500" Estimated="0" Handle="local-55" IssueURL="" Kind="task" Label="when saving data, give option to save over current or save new" LastModified="now" MarkReadPending="false" ModificationDate="" Notes="" NotifiedIncoming="true" Owner="local" Priority="P3" Reminded="false" RepositoryUrl="local" ScheduledEndDate="2012-02-11 23:59:59.999 -0500" ScheduledStartDate="2012-02-05 00:00:00.0 -0500" Stale="false" TaskId="55" offlineSyncState="SYNCHRONIZED"/><Task Active="false" ConnectorKind="local" CreationDate="2011-12-21 02:53:35.426 -0500" DueDate="" EndDate="2011-12-23 21:08:31.815 -0500" Estimated="0" Handle="local-2" IssueURL="" Kind="task" Label="add &quot;Toast&quot; when database restore and save are executed" LastModified="now" MarkReadPending="false" ModificationDate="" Notes="" NotifiedIncoming="true" Owner="local" Priority="P3" Reminded="false" RepositoryUrl="local" ScheduledEndDate="2011-12-24 23:59:59.999 -0500" ScheduledStartDate="2011-12-18 00:00:00.0 -0500" Stale="false" TaskId="2" offlineSyncState="SYNCHRONIZED"/><Task Active="false" ConnectorKind="local" CreationDate="2012-01-25 21:27:18.598 -0500" DueDate="" EndDate="2012-02-06 13:46:30.80 -0500" Estimated="0" Handle="local-27" IssueURL="" Kind="task" Label="set up graphs into tab-style and make them minimizable" LastModified="now" MarkReadPending="false" ModificationDate="" Notes="" NotifiedIncoming="true" Owner="local" Priority="P3" Reminded="false" RepositoryUrl="local" ScheduledEndDate="2012-01-28 23:59:59.999 -0500" ScheduledStartDate="2012-01-22 00:00:00.0 -0500" Stale="false" TaskId="27" offlineSyncState="SYNCHRONIZED"/><Task Active="false" ConnectorKind="local" CreationDate="2012-02-14 11:06:49.300 -0500" DueDate="" EndDate="" Estimated="0" Handle="local-77" IssueURL="" Kind="task" Label="modify the front splash page to mention specifics - NPV, discount cash flow model, NOI, ATER, ATCF, MIRR" LastModified="now" MarkReadPending="false" ModificationDate="" Notes="" NotifiedIncoming="true" Owner="local" Priority="P3" Reminded="false" RepositoryUrl="local" ScheduledEndDate="2012-02-18 23:59:59.999 -0500" ScheduledStartDate="2012-02-12 00:00:00.0 -0500" Stale="false" TaskId="77" offlineSyncState="SYNCHRONIZED"/><Task Active="false" ConnectorKind="local" CreationDate="2012-02-03 09:47:07.781 -0500" DueDate="" EndDate="2012-02-06 13:46:47.796 -0500" Estimated="0" Handle="local-40" IssueURL="" Kind="task" Label="come up with cool graphics for all of application" LastModified="now" MarkReadPending="false" ModificationDate="" Notes="" NotifiedIncoming="true" Owner="local" Priority="P3" Reminded="false" RepositoryUrl="local" ScheduledEndDate="2012-02-04 23:59:59.999 -0500" ScheduledStartDate="2012-01-29 00:00:00.0 -0500" Stale="false" TaskId="40" offlineSyncState="SYNCHRONIZED"/><Task Active="false" ConnectorKind="local" CreationDate="2012-02-08 16:19:53.529 -0500" DueDate="" EndDate="2012-02-09 23:10:55.771 -0500" Estimated="0" Handle="local-54" IssueURL="" Kind="task" Label="modify titles of data table items property tax, municipal fees, so it is clear they are the initial fees rather than the future value adjusted fees" LastModified="now" MarkReadPending="false" ModificationDate="" Notes="" NotifiedIncoming="true" Owner="local" Priority="P3" Reminded="false" RepositoryUrl="local" ScheduledEndDate="2012-02-11 23:59:59.999 -0500" ScheduledStartDate="2012-02-05 00:00:00.0 -0500" Stale="false" TaskId="54" offlineSyncState="SYNCHRONIZED"/><Task Active="false" ConnectorKind="local" CreationDate="2012-02-13 10:43:20.75 -0500" DueDate="" EndDate="" Estimated="0" Handle="local-61" IssueURL="" Kind="task" Label="set system to always show same layout when non-rental / rental if GO is pushed.  Rental should have more stuff showing." LastModified="now" MarkReadPending="false" ModificationDate="" Notes="" NotifiedIncoming="true" Owner="local" Priority="P3" Reminded="false" RepositoryUrl="local" ScheduledEndDate="2012-02-18 23:59:59.999 -0500" ScheduledStartDate="2012-02-12 00:00:00.0 -0500" Stale="false" TaskId="61" offlineSyncState="SYNCHRONIZED"/><Task Active="false" ConnectorKind="local" CreationDate="2012-01-25 21:25:00.664 -0500" DueDate="" EndDate="2012-02-06 13:46:34.943 -0500" Estimated="0" Handle="local-24" IssueURL="" Kind="task" Label="create graph of mirr" LastModified="now" MarkReadPending="false" ModificationDate="" Notes="" NotifiedIncoming="true" Owner="local" Priority="P3" Reminded="false" RepositoryUrl="local" ScheduledEndDate="2012-01-28 23:59:59.999 -0500" ScheduledStartDate="2012-01-22 00:00:00.0 -0500" Stale="false" TaskId="24" offlineSyncState="SYNCHRONIZED"/><Task Active="false" ConnectorKind="local" CreationDate="2012-02-13 11:14:33.777 -0500" DueDate="" EndDate="" Estimated="0" Handle="local-62" IssueURL="" Kind="task" Label="add note that values are saved when the user leaves the page, in the data entry pages." LastModified="now" MarkReadPending="false" ModificationDate="" Notes="" NotifiedIncoming="true" Owner="local" Priority="P3" Reminded="false" RepositoryUrl="local" ScheduledEndDate="2012-02-18 23:59:59.999 -0500" ScheduledStartDate="2012-02-12 00:00:00.0 -0500" Stale="false" TaskId="62" offlineSyncState="SYNCHRONIZED"/><Task Active="false" ConnectorKind="local" CreationDate="2012-02-14 11:07:21.587 -0500" DueDate="" EndDate="" Estimated="0" Handle="local-78" IssueURL="" Kind="task" Label="create video covering multiple uses" LastModified="now" MarkReadPending="false" ModificationDate="" Notes="Figure the monthly payment, then move the slider to show different values for different total costs / interest rates dynamically.  Modify the range and try again&#13;&#10;&#13;&#10;Figure the return on investment - MIRR, using the estimated rent - slide the rent and show how that affects the outcome.  Slide the interest rate and show how that affects it.  Slide the appreciation rate and show that too.&#13;&#10;&#13;&#10;See a weird figure - open up the value to see how it was calculated.  View the MathCheck activity to confirm that all corresponding values were correctly calculated.&#13;&#10;&#13;&#10;Save the values that you currently have modeled.  Open them up later for further processing.&#13;&#10;&#13;&#10;Configure the graph page to show the graphs, and then not, and to show only those items in which you are interested.&#13;&#10;&#13;&#10;" NotifiedIncoming="true" Owner="local" Priority="P3" Reminded="false" RepositoryUrl="local" ScheduledEndDate="2012-02-18 23:59:59.999 -0500" ScheduledStartDate="2012-02-12 00:00:00.0 -0500" Stale="false" TaskId="78" offlineSyncState="SYNCHRONIZED"/><Task Active="false" ConnectorKind="local" CreationDate="2012-02-13 10:24:18.356 -0500" DueDate="" EndDate="" Estimated="0" Handle="local-60" IssueURL="" Kind="task" Label="add tiny question mark superscript to all text which has help associated with it in the app." LastModified="now" MarkReadPending="false" ModificationDate="" Notes="" NotifiedIncoming="true" Owner="local" Priority="P3" Reminded="false" RepositoryUrl="local" ScheduledEndDate="2012-02-18 23:59:59.999 -0500" ScheduledStartDate="2012-02-12 00:00:00.0 -0500" Stale="false" TaskId="60" offlineSyncState="SYNCHRONIZED"/><Task Active="false" ConnectorKind="local" CreationDate="2012-02-14 11:14:44.928 -0500" DueDate="" EndDate="" Estimated="0" Handle="local-82" IssueURL="" Kind="task" Label="meet with accountant to confirm values" LastModified="now" MarkReadPending="false" ModificationDate="" Notes="" NotifiedIncoming="true" Owner="local" Priority="P3" Reminded="false" RepositoryUrl="local" ScheduledEndDate="2012-02-18 23:59:59.999 -0500" ScheduledStartDate="2012-02-12 00:00:00.0 -0500" Stale="false" TaskId="82" offlineSyncState="SYNCHRONIZED"/><Task Active="false" ConnectorKind="local" CreationDate="2012-02-11 13:44:50.25 -0500" DueDate="" EndDate="" Estimated="0" Handle="local-59" IssueURL="" Kind="task" Label="set up ability to use UI while calc is running - abort and restart with new value if it notices" LastModified="now" MarkReadPending="false" ModificationDate="" Notes="" NotifiedIncoming="true" Owner="local" Priority="P3" Reminded="false" RepositoryUrl="local" ScheduledEndDate="2012-02-11 23:59:59.999 -0500" ScheduledStartDate="2012-02-05 00:00:00.0 -0500" Stale="false" TaskId="59" offlineSyncState="SYNCHRONIZED"/><Task Active="false" ConnectorKind="local" CreationDate="2012-02-07 15:51:39.337 -0500" DueDate="" EndDate="2012-02-08 10:35:59.643 -0500" Estimated="0" Handle="local-47" IssueURL="" Kind="task" Label="remove the value &quot;num of compounding periods&quot; from the value chooser on the graph page" LastModified="now" MarkReadPending="false" ModificationDate="" Notes="" NotifiedIncoming="true" Owner="local" Priority="P3" Reminded="false" RepositoryUrl="local" ScheduledEndDate="2012-02-11 23:59:59.999 -0500" ScheduledStartDate="2012-02-05 00:00:00.0 -0500" Stale="false" TaskId="47" offlineSyncState="SYNCHRONIZED"/><Task Active="false" ConnectorKind="local" CreationDate="2012-02-14 11:05:48.561 -0500" DueDate="" EndDate="" Estimated="0" Handle="local-75" IssueURL="" Kind="task" Label="Configure MathCheck activity to only show things that are incorrect, with a comment to check each item individually if desired" LastModified="now" MarkReadPending="false" ModificationDate="" Notes="" NotifiedIncoming="true" Owner="local" Priority="P3" Reminded="false" RepositoryUrl="local" ScheduledEndDate="2012-02-18 23:59:59.999 -0500" ScheduledStartDate="2012-02-12 00:00:00.0 -0500" Stale="false" TaskId="75" offlineSyncState="SYNCHRONIZED"/><Task Active="false" ConnectorKind="local" CreationDate="2012-02-13 11:14:51.706 -0500" DueDate="" EndDate="" Estimated="0" Handle="local-63" IssueURL="" Kind="task" Label="correct the icons so the white parts are invisible for the menu." LastModified="now" MarkReadPending="false" ModificationDate="" Notes="" NotifiedIncoming="true" Owner="local" Priority="P3" Reminded="false" RepositoryUrl="local" ScheduledEndDate="2012-02-18 23:59:59.999 -0500" ScheduledStartDate="2012-02-12 00:00:00.0 -0500" Stale="false" TaskId="63" offlineSyncState="SYNCHRONIZED"/><Task Active="false" ConnectorKind="local" CreationDate="2012-01-25 21:35:06.923 -0500" DueDate="" EndDate="2012-02-09 22:54:41.663 -0500" Estimated="0" Handle="local-29" IssueURL="" Kind="task" Label="fix splash page to be cool" LastModified="now" MarkReadPending="false" ModificationDate="" Notes="" NotifiedIncoming="true" Owner="local" Priority="P3" Reminded="false" RepositoryUrl="local" ScheduledEndDate="2012-01-28 23:59:59.999 -0500" ScheduledStartDate="2012-01-22 00:00:00.0 -0500" Stale="false" TaskId="29" offlineSyncState="SYNCHRONIZED"/><Task Active="false" ConnectorKind="local" CreationDate="2011-12-19 23:36:03.98 -0500" DueDate="2011-12-30 00:00:00.0 -0500" EndDate="2012-01-23 19:30:31.501 -0500" Estimated="0" Handle="local-1" IssueURL="" Kind="task" Label="Change activities to save field values at onPause(), not on onKeyListener." LastModified="now" MarkReadPending="false" ModificationDate="" Notes="" NotifiedIncoming="true" Owner="local" Priority="P3" Reminded="false" RepositoryUrl="local" ScheduledEndDate="2011-12-24 23:59:59.999 -0500" ScheduledStartDate="2011-12-18 00:00:00.0 -0500" Stale="false" TaskId="1" offlineSyncState="SYNCHRONIZED"/><Task Active="false" ConnectorKind="local" CreationDate="2012-02-14 11:02:42.890 -0500" DueDate="" EndDate="" Estimated="0" Handle="local-68" IssueURL="" Kind="task" Label="add tiny question mark for anything that is clickable for help" LastModified="now" MarkReadPending="false" ModificationDate="" Notes="" NotifiedIncoming="true" Owner="local" Priority="P3" Reminded="false" RepositoryUrl="local" ScheduledEndDate="2012-02-18 23:59:59.999 -0500" ScheduledStartDate="2012-02-12 00:00:00.0 -0500" Stale="false" TaskId="68" offlineSyncState="SYNCHRONIZED"/><Task Active="false" ConnectorKind="local" CreationDate="2012-02-14 11:03:22.651 -0500" DueDate="" EndDate="" Estimated="0" Handle="local-70" IssueURL="" Kind="task" Label="make wholly new icon for app - a little house with a puff of smoke coming out of chimney" LastModified="now" MarkReadPending="false" ModificationDate="" Notes="" NotifiedIncoming="true" Owner="local" Priority="P3" Reminded="false" RepositoryUrl="local" ScheduledEndDate="2012-02-18 23:59:59.999 -0500" ScheduledStartDate="2012-02-12 00:00:00.0 -0500" Stale="false" TaskId="70" offlineSyncState="SYNCHRONIZED"/><Task Active="false" ConnectorKind="local" CreationDate="2012-02-14 11:17:16.489 -0500" DueDate="" EndDate="" Estimated="0" Handle="local-83" IssueURL="" Kind="task" Label="backburner awesome features" LastModified="now" MarkReadPending="false" ModificationDate="" Notes="provide features to:&#13;&#10;send email of data values to anyone&#13;&#10;create pdf report of values &#13;&#10;send data values to database&#13;&#10;normalize data to certain baselines - interest rate, inflation, REAR, etc&#13;&#10;provide web app to track data coming from app&#13;&#10;show map of area with color coded MIRR / NPV&#13;&#10;pull values for property tax / home values, etc from web&#13;&#10;create web app to use values from app to show current home values for an area&#13;&#10;create training material - videos for using the app&#13;&#10;refactor the hell out of the app&#13;&#10;add ability to save and restore named configuration settings" NotifiedIncoming="true" Owner="local" Priority="P3" Reminded="false" RepositoryUrl="local" ScheduledEndDate="2012-02-18 23:59:59.999 -0500" ScheduledStartDate="2012-02-12 00:00:00.0 -0500" Stale="false" TaskId="83" offlineSyncState="SYNCHRONIZED"/><Task Active="false" ConnectorKind="local" CreationDate="2012-01-10 20:52:10.22 -0500" DueDate="" EndDate="2012-01-22 09:46:50.420 -0500" Estimated="0" Handle="local-15" IssueURL="" Kind="task" Label="Don't call it 'database&quot; call it saved locations" LastModified="now" MarkReadPending="false" ModificationDate="" Notes="" NotifiedIncoming="true" Owner="local" Priority="P3" Reminded="false" RepositoryUrl="local" ScheduledEndDate="2012-01-14 23:59:59.999 -0500" ScheduledStartDate="2012-01-08 00:00:00.0 -0500" Stale="false" TaskId="15" offlineSyncState="SYNCHRONIZED"/><Task Active="false" ConnectorKind="local" CreationDate="2012-02-08 16:19:07.503 -0500" DueDate="" EndDate="2012-02-10 23:17:32.257 -0500" Estimated="0" Handle="local-52" IssueURL="" Kind="task" Label="set up default data table items to show instead of showing none or all at the onset" LastModified="now" MarkReadPending="false" ModificationDate="" Notes="" NotifiedIncoming="true" Owner="local" Priority="P3" Reminded="false" RepositoryUrl="local" ScheduledEndDate="2012-02-11 23:59:59.999 -0500" ScheduledStartDate="2012-02-05 00:00:00.0 -0500" Stale="false" TaskId="52" offlineSyncState="SYNCHRONIZED"/><Task Active="false" ConnectorKind="local" CreationDate="2012-02-14 11:02:59.134 -0500" DueDate="" EndDate="" Estimated="0" Handle="local-69" IssueURL="" Kind="task" Label="correct icons so they don't look stupid - bad colors right now" LastModified="now" MarkReadPending="false" ModificationDate="" Notes="" NotifiedIncoming="true" Owner="local" Priority="P3" Reminded="false" RepositoryUrl="local" ScheduledEndDate="2012-02-18 23:59:59.999 -0500" ScheduledStartDate="2012-02-12 00:00:00.0 -0500" Stale="false" TaskId="69" offlineSyncState="SYNCHRONIZED"/><Task Active="false" ConnectorKind="local" CreationDate="2012-02-07 15:50:53.750 -0500" DueDate="" EndDate="2012-02-08 10:36:05.798 -0500" Estimated="0" Handle="local-46" IssueURL="" Kind="task" Label="modify the spinner for the value types so it is not cut-off" LastModified="now" MarkReadPending="false" ModificationDate="" Notes="" NotifiedIncoming="true" Owner="local" Priority="P3" Reminded="false" RepositoryUrl="local" ScheduledEndDate="2012-02-11 23:59:59.999 -0500" ScheduledStartDate="2012-02-05 00:00:00.0 -0500" Stale="false" TaskId="46" offlineSyncState="SYNCHRONIZED"/><Task Active="false" ConnectorKind="local" CreationDate="2012-02-07 15:52:03.56 -0500" DueDate="" EndDate="2012-02-10 16:50:45.761 -0500" Estimated="0" Handle="local-48" IssueURL="" Kind="task" Label="set up emulation for common devices such as galaxy, blah, to make sure no obvious flubs exist" LastModified="now" MarkReadPending="false" ModificationDate="" Notes="" NotifiedIncoming="true" Owner="local" Priority="P3" Reminded="false" RepositoryUrl="local" ScheduledEndDate="2012-02-11 23:59:59.999 -0500" ScheduledStartDate="2012-02-05 00:00:00.0 -0500" Stale="false" TaskId="48" offlineSyncState="SYNCHRONIZED"/><Task Active="false" ConnectorKind="local" CreationDate="2012-01-10 20:46:38.978 -0500" DueDate="" EndDate="2012-01-22 09:45:14.62 -0500" Estimated="0" Handle="local-10" IssueURL="" Kind="task" Label="Determine if the tax rate for capital gains is always 15% for the sale and therefore the marginal tax rate does not apply on that number" LastModified="now" MarkReadPending="false" ModificationDate="" Notes="" NotifiedIncoming="true" Owner="local" Priority="P3" Reminded="false" RepositoryUrl="local" ScheduledEndDate="2012-01-14 23:59:59.999 -0500" ScheduledStartDate="2012-01-08 00:00:00.0 -0500" Stale="false" TaskId="10" offlineSyncState="SYNCHRONIZED"/><Task Active="false" ConnectorKind="local" CreationDate="2012-02-14 16:03:10.617 -0500" DueDate="" EndDate="2012-02-14 21:03:35.361 -0500" Estimated="0" Handle="local-85" IssueURL="" Kind="task" Label="add cap rate - versus original purchase value and versus current projected value, as an output" LastModified="now" MarkReadPending="false" ModificationDate="" Notes="" NotifiedIncoming="true" Owner="local" Priority="P3" Reminded="false" RepositoryUrl="local" ScheduledEndDate="2012-02-18 23:59:59.999 -0500" ScheduledStartDate="2012-02-12 00:00:00.0 -0500" Stale="false" TaskId="85" offlineSyncState="SYNCHRONIZED"/><Task Active="false" ConnectorKind="local" CreationDate="2012-02-03 09:46:14.25 -0500" DueDate="" EndDate="2012-02-06 13:47:05.65 -0500" Estimated="0" Handle="local-37" IssueURL="" Kind="task" Label="mirr graph should show percentage values, not currency" LastModified="now" MarkReadPending="false" ModificationDate="" Notes="" NotifiedIncoming="true" Owner="local" Priority="P3" Reminded="false" RepositoryUrl="local" ScheduledEndDate="2012-02-04 23:59:59.999 -0500" ScheduledStartDate="2012-01-29 00:00:00.0 -0500" Stale="false" TaskId="37" offlineSyncState="SYNCHRONIZED"/><Task Active="false" ConnectorKind="local" CreationDate="2012-02-08 16:19:31.238 -0500" DueDate="" EndDate="2012-02-10 16:51:15.186 -0500" Estimated="0" Handle="local-53" IssueURL="" Kind="task" Label="add to data table output: yearly outlay, yearly municipal fees, yearly insurance fee" LastModified="now" MarkReadPending="false" ModificationDate="" Notes="" NotifiedIncoming="true" Owner="local" Priority="P3" Reminded="false" RepositoryUrl="local" ScheduledEndDate="2012-02-11 23:59:59.999 -0500" ScheduledStartDate="2012-02-05 00:00:00.0 -0500" Stale="false" TaskId="53" offlineSyncState="SYNCHRONIZED"/><Task Active="false" ConnectorKind="local" CreationDate="2012-02-03 09:46:29.640 -0500" DueDate="" EndDate="2012-02-06 13:47:11.626 -0500" Estimated="0" Handle="local-38" IssueURL="" Kind="task" Label="add number to show current highlighted value on graph." LastModified="now" MarkReadPending="false" ModificationDate="" Notes="" NotifiedIncoming="true" Owner="local" Priority="P3" Reminded="false" RepositoryUrl="local" ScheduledEndDate="2012-02-04 23:59:59.999 -0500" ScheduledStartDate="2012-01-29 00:00:00.0 -0500" Stale="false" TaskId="38" offlineSyncState="SYNCHRONIZED"/><Task Active="false" ConnectorKind="local" CreationDate="2012-02-02 11:49:39.353 -0500" DueDate="" EndDate="2012-02-06 13:47:25.287 -0500" Estimated="0" Handle="local-33" IssueURL="" Kind="task" Label="extract all strings into the resources to make translation easier" LastModified="now" MarkReadPending="false" ModificationDate="" Notes="" NotifiedIncoming="true" Owner="local" Priority="P3" Reminded="false" RepositoryUrl="local" ScheduledEndDate="2012-02-04 23:59:59.999 -0500" ScheduledStartDate="2012-01-29 00:00:00.0 -0500" Stale="false" TaskId="33" offlineSyncState="SYNCHRONIZED"/><Task Active="false" ConnectorKind="local" CreationDate="2012-02-14 11:01:19.343 -0500" DueDate="" EndDate="2012-02-14 21:30:10.877 -0500" Estimated="0" Handle="local-65" IssueURL="" Kind="task" Label="add orange background to main graph page.  Make background of graph black (non-transparent)" LastModified="now" MarkReadPending="false" ModificationDate="" Notes="" NotifiedIncoming="true" Owner="local" Priority="P3" Reminded="false" RepositoryUrl="local" ScheduledEndDate="2012-02-18 23:59:59.999 -0500" ScheduledStartDate="2012-02-12 00:00:00.0 -0500" Stale="false" TaskId="65" offlineSyncState="SYNCHRONIZED"/><Task Active="false" ConnectorKind="local" CreationDate="2012-02-14 11:02:14.329 -0500" DueDate="" EndDate="2012-02-14 21:03:42.652 -0500" Estimated="0" Handle="local-66" IssueURL="" Kind="task" Label="show NOI as output variable" LastModified="now" MarkReadPending="false" ModificationDate="" Notes="" NotifiedIncoming="true" Owner="local" Priority="P3" Reminded="false" RepositoryUrl="local" ScheduledEndDate="2012-02-18 23:59:59.999 -0500" ScheduledStartDate="2012-02-12 00:00:00.0 -0500" Stale="false" TaskId="66" offlineSyncState="SYNCHRONIZED"/><Task Active="false" ConnectorKind="local" CreationDate="2012-02-07 15:52:27.774 -0500" DueDate="" EndDate="" Estimated="0" Handle="local-49" IssueURL="" Kind="task" Label="meet with actual real estate developers, realtors, to let them test it out" LastModified="now" MarkReadPending="false" ModificationDate="" Notes="" NotifiedIncoming="true" Owner="local" Priority="P3" Reminded="false" RepositoryUrl="local" ScheduledEndDate="2012-02-11 23:59:59.999 -0500" ScheduledStartDate="2012-02-05 00:00:00.0 -0500" Stale="false" TaskId="49" offlineSyncState="SYNCHRONIZED"/><Task Active="false" ConnectorKind="local" CreationDate="2012-02-07 16:20:14.159 -0500" DueDate="" EndDate="2012-02-08 10:35:51.498 -0500" Estimated="0" Handle="local-50" IssueURL="" Kind="task" Label="BUG: Home insurance is not being used in the calculations" LastModified="now" MarkReadPending="false" ModificationDate="" Notes="" NotifiedIncoming="true" Owner="local" Priority="P3" Reminded="false" RepositoryUrl="local" ScheduledEndDate="2012-02-11 23:59:59.999 -0500" ScheduledStartDate="2012-02-05 00:00:00.0 -0500" Stale="false" TaskId="50" offlineSyncState="SYNCHRONIZED"/><Task Active="false" ConnectorKind="local" CreationDate="2012-02-06 10:53:54.866 -0500" DueDate="" EndDate="2012-02-08 23:54:09.184 -0500" Estimated="0" Handle="local-44" IssueURL="" Kind="task" Label="add &quot;comments&quot; and &quot;review&quot; to &quot;review&quot; activity " LastModified="now" MarkReadPending="false" ModificationDate="" Notes="Maybe pull in some of the code from realEstateAppraisal app." NotifiedIncoming="true" Owner="local" Priority="P3" Reminded="false" RepositoryUrl="local" ScheduledEndDate="2012-02-11 23:59:59.999 -0500" ScheduledStartDate="2012-02-05 00:00:00.0 -0500" Stale="false" TaskId="44" offlineSyncState="SYNCHRONIZED"/><Task Active="false" ConnectorKind="local" CreationDate="2012-01-10 20:12:08.888 -0500" DueDate="" EndDate="2012-01-22 12:23:14.17 -0500" Estimated="0" Handle="local-5" IssueURL="" Kind="task" Label="fix property tax input field so it is more intuitive, and make it clear that it is yearly" LastModified="now" MarkReadPending="false" ModificationDate="" Notes="" NotifiedIncoming="true" Owner="local" Priority="P3" Reminded="false" RepositoryUrl="local" ScheduledEndDate="2012-01-14 23:59:59.999 -0500" ScheduledStartDate="2012-01-08 00:00:00.0 -0500" Stale="false" TaskId="5" offlineSyncState="SYNCHRONIZED"/><Task Active="false" ConnectorKind="local" CreationDate="2012-02-03 09:46:52.540 -0500" DueDate="" EndDate="2012-02-06 13:47:15.453 -0500" Estimated="0" Handle="local-39" IssueURL="" Kind="task" Label="figure out help button graphic so it looks cool." LastModified="now" MarkReadPending="false" ModificationDate="" Notes="" NotifiedIncoming="true" Owner="local" Priority="P3" Reminded="false" RepositoryUrl="local" ScheduledEndDate="2012-02-04 23:59:59.999 -0500" ScheduledStartDate="2012-01-29 00:00:00.0 -0500" Stale="false" TaskId="39" offlineSyncState="SYNCHRONIZED"/><TaskCategory Handle="Uncategorized" Name="Uncategorized"><TaskReference Handle="local-71"/><TaskReference Handle="local-6"/><TaskReference Handle="local-19"/><TaskReference Handle="local-16"/><TaskReference Handle="local-58"/><TaskReference Handle="local-11"/><TaskReference Handle="local-67"/><TaskReference Handle="local-32"/><TaskReference Handle="local-35"/><TaskReference Handle="local-31"/><TaskReference Handle="local-14"/><TaskReference Handle="local-51"/><TaskReference Handle="local-72"/><TaskReference Handle="local-20"/><TaskReference Handle="local-42"/><TaskReference Handle="local-79"/><TaskReference Handle="local-26"/><TaskReference Handle="local-57"/><TaskReference Handle="local-74"/><TaskReference Handle="local-80"/><TaskReference Handle="local-13"/><TaskReference Handle="local-22"/><TaskReference Handle="local-4"/><TaskReference Handle="local-8"/><TaskReference Handle="local-17"/><TaskReference Handle="local-30"/><TaskReference Handle="local-64"/><TaskReference Handle="local-18"/><TaskReference Handle="local-56"/><TaskReference Handle="local-3"/><TaskReference Handle="local-9"/><TaskReference Handle="local-73"/><TaskReference Handle="local-76"/><TaskReference Handle="local-41"/><TaskReference Handle="local-81"/><TaskReference Handle="local-55"/><TaskReference Handle="local-2"/><TaskReference Handle="local-27"/><TaskReference Handle="local-40"/><TaskReference Handle="local-77"/><TaskReference Handle="local-61"/><TaskReference Handle="local-54"/><TaskReference Handle="local-62"/><TaskReference Handle="local-24"/><TaskReference Handle="local-60"/><TaskReference Handle="local-78"/><TaskReference Handle="local-59"/><TaskReference Handle="local-82"/><TaskReference Handle="local-47"/><TaskReference Handle="local-63"/><TaskReference Handle="local-75"/><TaskReference Handle="local-29"/><TaskReference Handle="local-1"/><TaskReference Handle="local-68"/><TaskReference Handle="local-70"/><TaskReference Handle="local-83"/><TaskReference Handle="local-15"/><TaskReference Handle="local-52"/><TaskReference Handle="local-10"/><TaskReference Handle="local-48"/><TaskReference Handle="local-46"/><TaskReference Handle="local-69"/><TaskReference Handle="local-85"/><TaskReference Handle="local-37"/><TaskReference Handle="local-53"/><TaskReference Handle="local-33"/><TaskReference Handle="local-38"/><TaskReference Handle="local-50"/><TaskReference Handle="local-65"/><TaskReference Handle="local-49"/><TaskReference Handle="local-66"/><TaskReference Handle="local-5"/><TaskReference Handle="local-44"/><TaskReference Handle="local-39"/></TaskCategory></TaskList>