<?xml version="1.0" encoding="UTF-8"?><InteractionHistory Id="local-1" Version="1"><InteractionEvent Delta="null" EndDate="2011-12-23 21:09:17.751 EST" Interest="4.0" Kind="propagation" Navigation="org.eclipse.mylyn.core.model.edges.containment" OriginId="org.eclipse.mylyn.core.model.interest.propagation" StartDate="2011-12-23 21:09:03.651 EST" StructureHandle="/RealEstateMarketAnalysis/src" StructureKind="resource" NumEvents="4" CreationCount="1"/><InteractionEvent Delta="null" EndDate="2011-12-23 21:09:04.332 EST" Interest="1.0" Kind="propagation" Navigation="org.eclipse.mylyn.core.model.edges.containment" OriginId="org.eclipse.mylyn.core.model.interest.propagation" StartDate="2011-12-23 21:09:04.332 EST" StructureHandle="=RealEstateMarketAnalysis/src&amp;lt;com.byronkatz{AnalysisGraph.java[AnalysisGraph" StructureKind="java"/><InteractionEvent Delta="null" EndDate="2011-12-23 21:09:17.751 EST" Interest="4.0" Kind="propagation" Navigation="null" OriginId="org.eclipse.jdt.ui.CompilationUnitEditor" StartDate="2011-12-23 21:09:03.651 EST" StructureHandle="/RealEstateMarketAnalysis/src/com/byronkatz/AnalysisGraph.java" StructureKind="resource" NumEvents="4" CreationCount="1"/><InteractionEvent Delta="null" EndDate="2011-12-23 21:09:59.313 EST" Interest="1.0" Kind="selection" Navigation="null" OriginId="org.eclipse.mylyn.resources.ui.interest.updater" StartDate="2011-12-23 21:09:59.313 EST" StructureHandle="/RealEstateMarketAnalysis/output/RealEstateMarketAnalysis.apk" StructureKind="resource"/><InteractionEvent Delta="null" EndDate="2011-12-23 21:09:22.112 EST" Interest="5.0" Kind="propagation" Navigation="org.eclipse.mylyn.core.model.edges.containment" OriginId="org.eclipse.mylyn.core.model.interest.propagation" StartDate="2011-12-23 21:09:03.652 EST" StructureHandle="/" StructureKind="resource" NumEvents="5" CreationCount="1"/><InteractionEvent Delta="null" EndDate="2011-12-23 21:09:59.315 EST" Interest="1.0" Kind="propagation" Navigation="org.eclipse.mylyn.core.model.edges.containment" OriginId="org.eclipse.mylyn.core.model.interest.propagation" StartDate="2011-12-23 21:09:59.315 EST" StructureHandle="/RealEstateMarketAnalysis/output" StructureKind="resource"/><InteractionEvent Delta="null" EndDate="2011-12-23 21:09:17.751 EST" Interest="4.0" Kind="propagation" Navigation="org.eclipse.mylyn.core.model.edges.containment" OriginId="org.eclipse.mylyn.core.model.interest.propagation" StartDate="2011-12-23 21:09:03.651 EST" StructureHandle="/RealEstateMarketAnalysis/src/com" StructureKind="resource" NumEvents="4" CreationCount="1"/><InteractionEvent Delta="null" EndDate="2011-12-23 21:09:59.655 EST" Interest="1.0" Kind="propagation" Navigation="org.eclipse.mylyn.core.model.edges.containment" OriginId="org.eclipse.mylyn.core.model.interest.propagation" StartDate="2011-12-23 21:09:59.655 EST" StructureHandle="/RealEstateMarketAnalysis/res/layout" StructureKind="resource"/><InteractionEvent Delta="null" EndDate="2011-12-23 21:09:04.331 EST" Interest="1.0" Kind="selection" Navigation="null" OriginId="org.eclipse.jdt.ui.CompilationUnitEditor" StartDate="2011-12-23 21:09:04.331 EST" StructureHandle="=RealEstateMarketAnalysis/src&amp;lt;com.byronkatz{AnalysisGraph.java[AnalysisGraph~onDraw~QCanvas;" StructureKind="java"/><InteractionEvent Delta="null" EndDate="2011-12-23 21:09:59.659 EST" Interest="1.0" Kind="propagation" Navigation="org.eclipse.mylyn.core.model.edges.containment" OriginId="org.eclipse.mylyn.core.model.interest.propagation" StartDate="2011-12-23 21:09:59.659 EST" StructureHandle="/RealEstateMarketAnalysis/res/values" StructureKind="resource"/><InteractionEvent Delta="null" EndDate="2011-12-23 21:09:17.753 EST" Interest="3.0169997" Kind="propagation" Navigation="org.eclipse.mylyn.core.model.edges.containment" OriginId="org.eclipse.mylyn.core.model.interest.propagation" StartDate="2011-12-23 21:09:03.653 EST" StructureHandle="=RealEstateMarketAnalysis/src" StructureKind="java" NumEvents="4" CreationCount="1"/><InteractionEvent Delta="null" EndDate="2011-12-23 21:09:59.659 EST" Interest="1.017" Kind="propagation" Navigation="org.eclipse.mylyn.core.model.edges.containment" OriginId="org.eclipse.mylyn.core.model.interest.propagation" StartDate="2011-12-23 21:09:59.656 EST" StructureHandle="/RealEstateMarketAnalysis/res" StructureKind="resource" NumEvents="2" CreationCount="7"/><InteractionEvent Delta="null" EndDate="2011-12-23 21:09:17.750 EST" Interest="3.0" Kind="selection" Navigation="null" OriginId="org.eclipse.jdt.ui.CompilationUnitEditor" StartDate="2011-12-23 21:09:03.651 EST" StructureHandle="=RealEstateMarketAnalysis/src&amp;lt;com.byronkatz{AnalysisGraph.java" StructureKind="java" NumEvents="3" CreationCount="1"/><InteractionEvent Delta="null" EndDate="2011-12-23 21:09:04.333 EST" Interest="0.01700002" Kind="propagation" Navigation="org.eclipse.mylyn.core.model.edges.containment" OriginId="org.eclipse.mylyn.core.model.interest.propagation" StartDate="2011-12-23 21:09:04.333 EST" StructureHandle="=RealEstateMarketAnalysis/src&amp;lt;com.byronkatz{AnalysisGraph.java" StructureKind="java"/><InteractionEvent Delta="null" EndDate="2011-12-23 21:09:17.751 EST" Interest="3.0169997" Kind="propagation" Navigation="org.eclipse.mylyn.core.model.edges.containment" OriginId="org.eclipse.mylyn.core.model.interest.propagation" StartDate="2011-12-23 21:09:03.652 EST" StructureHandle="=RealEstateMarketAnalysis/src&amp;lt;com.byronkatz" StructureKind="java" NumEvents="4" CreationCount="1"/><InteractionEvent Delta="null" EndDate="2011-12-23 21:09:59.655 EST" Interest="1.0" Kind="selection" Navigation="null" OriginId="org.eclipse.mylyn.resources.ui.interest.updater" StartDate="2011-12-23 21:09:59.655 EST" StructureHandle="/RealEstateMarketAnalysis/res/layout/graph.xml" StructureKind="resource"/><InteractionEvent Delta="null" EndDate="2011-12-23 21:09:22.112 EST" Interest="1.0" Kind="selection" Navigation="null" OriginId="org.eclipse.jdt.ui.PackageExplorer" StartDate="2011-12-23 21:09:22.112 EST" StructureHandle="=RealEstateMarketAnalysis" StructureKind="java"/><InteractionEvent Delta="null" EndDate="2011-12-23 21:09:17.751 EST" Interest="4.0" Kind="propagation" Navigation="org.eclipse.mylyn.core.model.edges.containment" OriginId="org.eclipse.mylyn.core.model.interest.propagation" StartDate="2011-12-23 21:09:03.651 EST" StructureHandle="=RealEstateMarketAnalysis" StructureKind="resource" NumEvents="4" CreationCount="1"/><InteractionEvent Delta="null" EndDate="2011-12-23 21:09:17.751 EST" Interest="4.0" Kind="propagation" Navigation="org.eclipse.mylyn.core.model.edges.containment" OriginId="org.eclipse.mylyn.core.model.interest.propagation" StartDate="2011-12-23 21:09:03.651 EST" StructureHandle="/RealEstateMarketAnalysis/src/com/byronkatz" StructureKind="resource" NumEvents="4" CreationCount="1"/><InteractionEvent Delta="null" EndDate="2011-12-23 21:09:59.658 EST" Interest="1.0" Kind="selection" Navigation="null" OriginId="org.eclipse.mylyn.resources.ui.interest.updater" StartDate="2011-12-23 21:09:59.658 EST" StructureHandle="/RealEstateMarketAnalysis/res/values/attrs.xml" StructureKind="resource"/></InteractionHistory>