<?xml version="1.0" encoding="UTF-8"?><InteractionHistory Id="local-119" Version="1"><InteractionEvent Delta="null" EndDate="2012-02-21 23:42:06.97 EST" Interest="1.0" Kind="propagation" Navigation="null" OriginId="org.eclipse.mylyn.resources.ui.interest.updater" StartDate="2012-02-21 23:42:06.97 EST" StructureHandle="/RealEstateMarketAnalysis/tasks/contexts/local-119.xml.zip" StructureKind="resource"/><InteractionEvent Delta="null" EndDate="2012-02-21 23:48:05.424 EST" Interest="10.0" Kind="edit" Navigation="null" OriginId="org.eclipse.jdt.ui.CompilationUnitEditor" StartDate="2012-02-21 23:40:53.897 EST" StructureHandle="=RealEstateMarketAnalysis/src&amp;lt;com.byronkatz.reap.activity{SavedDataBrowserActivity.java[SavedDataBrowserActivity~createLoadDialog~I" StructureKind="java" NumEvents="10" CreationCount="6"/><InteractionEvent Delta="null" EndDate="2012-02-21 23:48:02.743 EST" Interest="2.0" Kind="selection" Navigation="null" OriginId="org.eclipse.jdt.ui.CompilationUnitEditor" StartDate="2012-02-21 23:40:53.49 EST" StructureHandle="=RealEstateMarketAnalysis/src&amp;lt;com.byronkatz.reap.activity{SavedDataBrowserActivity.java[SavedDataBrowserActivity~createLoadDialog~I" StructureKind="java" NumEvents="2" CreationCount="6"/><InteractionEvent Delta="null" EndDate="2012-02-21 23:49:13.585 EST" Interest="69.0" Kind="propagation" Navigation="org.eclipse.mylyn.core.model.edges.containment" OriginId="org.eclipse.mylyn.core.model.interest.propagation" StartDate="2012-02-21 23:27:23.117 EST" StructureHandle="/RealEstateMarketAnalysis/src/com/byronkatz/reap" StructureKind="resource" NumEvents="69" CreationCount="1"/><InteractionEvent Delta="null" EndDate="2012-02-21 23:49:13.585 EST" Interest="69.0" Kind="propagation" Navigation="null" OriginId="org.eclipse.jdt.ui.CompilationUnitEditor" StartDate="2012-02-21 23:27:23.116 EST" StructureHandle="/RealEstateMarketAnalysis/src/com/byronkatz/reap/activity/SavedDataBrowserActivity.java" StructureKind="resource" NumEvents="69" CreationCount="1"/><InteractionEvent Delta="null" EndDate="2012-02-21 23:41:32.8 EST" Interest="1.7" Kind="propagation" Navigation="org.eclipse.mylyn.core.model.edges.containment" OriginId="org.eclipse.mylyn.core.model.interest.propagation" StartDate="2012-02-21 23:41:30.193 EST" StructureHandle="=RealEstateMarketAnalysis/src&amp;lt;com.byronkatz.reap.activity{SavedDataBrowserActivity.java[SavedDataBrowserActivity~onCreate~QBundle;" StructureKind="java" NumEvents="2" CreationCount="16"/><InteractionEvent Delta="null" EndDate="2012-02-21 23:41:38.755 EST" Interest="1.0" Kind="selection" Navigation="null" OriginId="org.eclipse.jdt.ui.CompilationUnitEditor" StartDate="2012-02-21 23:41:38.755 EST" StructureHandle="=RealEstateMarketAnalysis/src&amp;lt;com.byronkatz.reap.activity{SavedDataBrowserActivity.java[SavedDataBrowserActivity~onCreate~QBundle;" StructureKind="java"/><InteractionEvent Delta="null" EndDate="2012-02-21 23:42:06.98 EST" Interest="1.0" Kind="propagation" Navigation="null" OriginId="org.eclipse.mylyn.resources.ui.interest.updater" StartDate="2012-02-21 23:42:06.98 EST" StructureHandle="/RealEstateMarketAnalysis/tasks/backup/mylyn-v3-data-2012-02-21-233517.zip" StructureKind="resource"/><InteractionEvent Delta="null" EndDate="2012-02-21 23:48:15.886 EST" Interest="1.0" Kind="prediction" Navigation="null" OriginId="org.eclipse.mylyn.resources.ui.interest.updater" StartDate="2012-02-21 23:48:15.886 EST" StructureHandle="/RealEstateMarketAnalysis/bin/resources.ap_" StructureKind="resource"/><InteractionEvent Delta="null" EndDate="2012-02-21 23:49:13.585 EST" Interest="69.0" Kind="propagation" Navigation="org.eclipse.mylyn.core.model.edges.containment" OriginId="org.eclipse.mylyn.core.model.interest.propagation" StartDate="2012-02-21 23:27:23.117 EST" StructureHandle="/RealEstateMarketAnalysis/src/com" StructureKind="resource" NumEvents="69" CreationCount="1"/><InteractionEvent Delta="null" EndDate="2012-02-21 23:41:32.7 EST" Interest="1.0" Kind="edit" Navigation="null" OriginId="org.eclipse.jdt.ui.CompilationUnitEditor" StartDate="2012-02-21 23:41:32.7 EST" StructureHandle="=RealEstateMarketAnalysis/src&amp;lt;com.byronkatz.reap.activity{SavedDataBrowserActivity.java[SavedDataBrowserActivity~onCreate~QBundle;[!2~onItemLongClick~QAdapterView\&amp;lt;*&amp;gt;;~QView;~I~J" StructureKind="java"/><InteractionEvent Delta="null" EndDate="2012-02-21 23:41:30.192 EST" Interest="1.0" Kind="selection" Navigation="null" OriginId="org.eclipse.jdt.ui.CompilationUnitEditor" StartDate="2012-02-21 23:41:30.192 EST" StructureHandle="=RealEstateMarketAnalysis/src&amp;lt;com.byronkatz.reap.activity{SavedDataBrowserActivity.java[SavedDataBrowserActivity~onCreate~QBundle;[!2~onItemLongClick~QAdapterView\&amp;lt;*&amp;gt;;~QView;~I~J" StructureKind="java"/><InteractionEvent Delta="null" EndDate="2012-02-21 23:41:32.7 EST" Interest="1.7" Kind="propagation" Navigation="org.eclipse.mylyn.core.model.edges.containment" OriginId="org.eclipse.mylyn.core.model.interest.propagation" StartDate="2012-02-21 23:41:30.193 EST" StructureHandle="=RealEstateMarketAnalysis/src&amp;lt;com.byronkatz.reap.activity{SavedDataBrowserActivity.java[SavedDataBrowserActivity~onCreate~QBundle;[!2" StructureKind="java" NumEvents="2" CreationCount="16"/><InteractionEvent Delta="null" EndDate="2012-02-21 23:49:13.585 EST" Interest="69.0" Kind="propagation" Navigation="org.eclipse.mylyn.core.model.edges.containment" OriginId="org.eclipse.mylyn.core.model.interest.propagation" StartDate="2012-02-21 23:27:23.117 EST" StructureHandle="/RealEstateMarketAnalysis/src/com/byronkatz/reap/activity" StructureKind="resource" NumEvents="69" CreationCount="1"/><InteractionEvent Delta="null" EndDate="2012-02-21 23:49:13.584 EST" Interest="34.5" Kind="propagation" Navigation="org.eclipse.mylyn.core.model.edges.containment" OriginId="org.eclipse.mylyn.core.model.interest.propagation" StartDate="2012-02-21 23:27:23.116 EST" StructureHandle="=RealEstateMarketAnalysis/src&amp;lt;com.byronkatz.reap.activity{SavedDataBrowserActivity.java[SavedDataBrowserActivity" StructureKind="java" NumEvents="50" CreationCount="1"/><InteractionEvent Delta="null" EndDate="2012-02-21 23:41:34.971 EST" Interest="1.0" Kind="selection" Navigation="null" OriginId="org.eclipse.jdt.ui.CompilationUnitEditor" StartDate="2012-02-21 23:41:34.971 EST" StructureHandle="=RealEstateMarketAnalysis/src&amp;lt;com.byronkatz.reap.activity{SavedDataBrowserActivity.java[SavedDataBrowserActivity" StructureKind="java"/><InteractionEvent Delta="null" EndDate="2012-02-21 23:49:13.587 EST" Interest="35.5" Kind="propagation" Navigation="org.eclipse.mylyn.core.model.edges.containment" OriginId="org.eclipse.mylyn.core.model.interest.propagation" StartDate="2012-02-21 23:27:23.119 EST" StructureHandle="=RealEstateMarketAnalysis/src&amp;lt;com.byronkatz.reap.activity" StructureKind="java" NumEvents="49" CreationCount="1"/><InteractionEvent Delta="null" EndDate="2012-02-21 23:47:27.533 EST" Interest="6.8170004" Kind="propagation" Navigation="org.eclipse.mylyn.core.model.edges.containment" OriginId="org.eclipse.mylyn.core.model.interest.propagation" StartDate="2012-02-21 23:46:30.823 EST" StructureHandle="/RealEstateMarketAnalysis/res" StructureKind="resource" NumEvents="10" CreationCount="61"/><InteractionEvent Delta="null" EndDate="2012-02-21 23:48:15.887 EST" Interest="1.9860001" Kind="propagation" Navigation="org.eclipse.mylyn.core.model.edges.containment" OriginId="org.eclipse.mylyn.core.model.interest.propagation" StartDate="2012-02-21 23:42:05.467 EST" StructureHandle="/RealEstateMarketAnalysis/bin" StructureKind="resource" NumEvents="2" CreationCount="25"/><InteractionEvent Delta="null" EndDate="2012-02-21 23:42:05.464 EST" Interest="1.0" Kind="prediction" Navigation="null" OriginId="org.eclipse.mylyn.resources.ui.interest.updater" StartDate="2012-02-21 23:42:05.464 EST" StructureHandle="/RealEstateMarketAnalysis/bin/RealEstateMarketAnalysis.apk" StructureKind="resource"/><InteractionEvent Delta="null" EndDate="2012-02-21 23:49:13.585 EST" Interest="69.0" Kind="propagation" Navigation="org.eclipse.mylyn.core.model.edges.containment" OriginId="org.eclipse.mylyn.core.model.interest.propagation" StartDate="2012-02-21 23:27:23.117 EST" StructureHandle="=RealEstateMarketAnalysis" StructureKind="resource" NumEvents="69" CreationCount="1"/><InteractionEvent Delta="null" EndDate="2012-02-21 23:42:06.100 EST" Interest="1.0" Kind="propagation" Navigation="org.eclipse.mylyn.core.model.edges.containment" OriginId="org.eclipse.mylyn.core.model.interest.propagation" StartDate="2012-02-21 23:42:06.100 EST" StructureHandle="/RealEstateMarketAnalysis/tasks/backup" StructureKind="resource"/><InteractionEvent Delta="null" EndDate="2012-02-21 23:49:13.585 EST" Interest="69.0" Kind="propagation" Navigation="org.eclipse.mylyn.core.model.edges.containment" OriginId="org.eclipse.mylyn.core.model.interest.propagation" StartDate="2012-02-21 23:27:23.117 EST" StructureHandle="/RealEstateMarketAnalysis/src" StructureKind="resource" NumEvents="69" CreationCount="1"/><InteractionEvent Delta="null" EndDate="2012-02-21 23:42:06.99 EST" Interest="1.0" Kind="propagation" Navigation="org.eclipse.mylyn.core.model.edges.containment" OriginId="org.eclipse.mylyn.core.model.interest.propagation" StartDate="2012-02-21 23:42:06.99 EST" StructureHandle="/RealEstateMarketAnalysis/tasks/contexts" StructureKind="resource"/><InteractionEvent Delta="null" EndDate="2012-02-21 23:47:27.532 EST" Interest="4.0" Kind="edit" Navigation="null" OriginId="com.android.ide.eclipse.editors.layout.LayoutEditor" StartDate="2012-02-21 23:46:36.321 EST" StructureHandle="/RealEstateMarketAnalysis/res/layout/delete_database_item_dialog_view.xml" StructureKind="resource" NumEvents="4" CreationCount="62"/><InteractionEvent Delta="null" EndDate="2012-02-21 23:47:27.518 EST" Interest="4.0" Kind="selection" Navigation="null" OriginId="com.android.ide.eclipse.editors.layout.LayoutEditor" StartDate="2012-02-21 23:46:30.890 EST" StructureHandle="/RealEstateMarketAnalysis/res/layout/delete_database_item_dialog_view.xml" StructureKind="resource" NumEvents="4" CreationCount="62"/><InteractionEvent Delta="null" EndDate="2012-02-21 23:42:06.99 EST" Interest="1.0" Kind="propagation" Navigation="org.eclipse.mylyn.core.model.edges.containment" OriginId="org.eclipse.mylyn.core.model.interest.propagation" StartDate="2012-02-21 23:42:06.99 EST" StructureHandle="/RealEstateMarketAnalysis/tasks" StructureKind="resource"/><InteractionEvent Delta="null" EndDate="2012-02-21 23:47:24.556 EST" Interest="5.0" Kind="edit" Navigation="null" OriginId="com.android.ide.eclipse.editors.layout.LayoutEditor" StartDate="2012-02-21 23:47:00.555 EST" StructureHandle="/RealEstateMarketAnalysis/res/layout/load_database_item_dialog_view.xml" StructureKind="resource" NumEvents="5" CreationCount="61"/><InteractionEvent Delta="null" EndDate="2012-02-21 23:47:18.360 EST" Interest="3.0" Kind="selection" Navigation="null" OriginId="com.android.ide.eclipse.editors.layout.LayoutEditor" StartDate="2012-02-21 23:46:30.822 EST" StructureHandle="/RealEstateMarketAnalysis/res/layout/load_database_item_dialog_view.xml" StructureKind="resource" NumEvents="3" CreationCount="61"/><InteractionEvent Delta="null" EndDate="2012-02-21 23:49:13.585 EST" Interest="69.0" Kind="propagation" Navigation="org.eclipse.mylyn.core.model.edges.containment" OriginId="org.eclipse.mylyn.core.model.interest.propagation" StartDate="2012-02-21 23:27:23.117 EST" StructureHandle="/" StructureKind="resource" NumEvents="69" CreationCount="1"/><InteractionEvent Delta="null" EndDate="2012-02-21 23:47:27.533 EST" Interest="6.8170004" Kind="propagation" Navigation="org.eclipse.mylyn.core.model.edges.containment" OriginId="org.eclipse.mylyn.core.model.interest.propagation" StartDate="2012-02-21 23:46:30.823 EST" StructureHandle="/RealEstateMarketAnalysis/res/layout" StructureKind="resource" NumEvents="10" CreationCount="61"/><InteractionEvent Delta="null" EndDate="2012-02-21 23:49:13.588 EST" Interest="35.5" Kind="propagation" Navigation="org.eclipse.mylyn.core.model.edges.containment" OriginId="org.eclipse.mylyn.core.model.interest.propagation" StartDate="2012-02-21 23:27:23.120 EST" StructureHandle="=RealEstateMarketAnalysis/src" StructureKind="java" NumEvents="49" CreationCount="1"/><InteractionEvent Delta="null" EndDate="2012-02-21 23:42:05.465 EST" Interest="1.0" Kind="prediction" Navigation="null" OriginId="org.eclipse.mylyn.resources.ui.interest.updater" StartDate="2012-02-21 23:42:05.465 EST" StructureHandle="/RealEstateMarketAnalysis/bin/classes.dex" StructureKind="resource"/><InteractionEvent Delta="null" EndDate="2012-02-21 23:49:13.585 EST" Interest="69.0" Kind="propagation" Navigation="org.eclipse.mylyn.core.model.edges.containment" OriginId="org.eclipse.mylyn.core.model.interest.propagation" StartDate="2012-02-21 23:27:23.117 EST" StructureHandle="/RealEstateMarketAnalysis/src/com/byronkatz" StructureKind="resource" NumEvents="69" CreationCount="1"/><InteractionEvent Delta="null" EndDate="2012-02-21 23:49:13.586 EST" Interest="31.5" Kind="propagation" Navigation="org.eclipse.mylyn.core.model.edges.containment" OriginId="org.eclipse.mylyn.core.model.interest.propagation" StartDate="2012-02-21 23:27:23.118 EST" StructureHandle="=RealEstateMarketAnalysis/src&amp;lt;com.byronkatz.reap.activity{SavedDataBrowserActivity.java" StructureKind="java" NumEvents="45" CreationCount="1"/><InteractionEvent Delta="null" EndDate="2012-02-21 23:47:29.543 EST" Interest="4.0" Kind="selection" Navigation="null" OriginId="org.eclipse.jdt.ui.CompilationUnitEditor" StartDate="2012-02-21 23:27:53.561 EST" StructureHandle="=RealEstateMarketAnalysis/src&amp;lt;com.byronkatz.reap.activity{SavedDataBrowserActivity.java" StructureKind="java" NumEvents="4" CreationCount="1"/><InteractionEvent Delta="null" EndDate="2012-02-21 23:49:13.582 EST" Interest="45.0" Kind="edit" Navigation="null" OriginId="org.eclipse.jdt.ui.CompilationUnitEditor" StartDate="2012-02-21 23:27:27.465 EST" StructureHandle="=RealEstateMarketAnalysis/src&amp;lt;com.byronkatz.reap.activity{SavedDataBrowserActivity.java[SavedDataBrowserActivity~createDeleteDialog~I" StructureKind="java" NumEvents="45" CreationCount="1"/><InteractionEvent Delta="null" EndDate="2012-02-21 23:49:12.271 EST" Interest="4.0" Kind="selection" Navigation="null" OriginId="org.eclipse.jdt.ui.CompilationUnitEditor" StartDate="2012-02-21 23:27:23.111 EST" StructureHandle="=RealEstateMarketAnalysis/src&amp;lt;com.byronkatz.reap.activity{SavedDataBrowserActivity.java[SavedDataBrowserActivity~createDeleteDialog~I" StructureKind="java" NumEvents="4" CreationCount="1"/></InteractionHistory>