<?xml version="1.0" encoding="UTF-8"?><InteractionHistory Id="local-2" Version="1"><InteractionEvent Delta="null" EndDate="2011-12-23 21:08:45.997 EST" Interest="5.0" Kind="propagation" Navigation="org.eclipse.mylyn.core.model.edges.containment" OriginId="org.eclipse.mylyn.core.model.interest.propagation" StartDate="2011-12-23 21:07:54.334 EST" StructureHandle="/RealEstateMarketAnalysis/src" StructureKind="resource" NumEvents="5" CreationCount="1"/><InteractionEvent Delta="null" EndDate="2011-12-23 21:08:45.997 EST" Interest="5.0" Kind="propagation" Navigation="null" OriginId="org.eclipse.jdt.ui.CompilationUnitEditor" StartDate="2011-12-23 21:07:54.333 EST" StructureHandle="/RealEstateMarketAnalysis/src/com/byronkatz/SaveCurrentValuesActivity.java" StructureKind="resource" NumEvents="5" CreationCount="1"/><InteractionEvent Delta="null" EndDate="2011-12-23 21:08:45.999 EST" Interest="2.7" Kind="propagation" Navigation="org.eclipse.mylyn.core.model.edges.containment" OriginId="org.eclipse.mylyn.core.model.interest.propagation" StartDate="2011-12-23 21:07:54.337 EST" StructureHandle="=RealEstateMarketAnalysis/src" StructureKind="java" NumEvents="4" CreationCount="1"/><InteractionEvent Delta="null" EndDate="2011-12-23 21:08:45.998 EST" Interest="2.7" Kind="propagation" Navigation="org.eclipse.mylyn.core.model.edges.containment" OriginId="org.eclipse.mylyn.core.model.interest.propagation" StartDate="2011-12-23 21:07:54.337 EST" StructureHandle="=RealEstateMarketAnalysis/src&amp;lt;com.byronkatz" StructureKind="java" NumEvents="4" CreationCount="1"/><InteractionEvent Delta="null" EndDate="2011-12-23 21:08:45.935 EST" Interest="2.0" Kind="selection" Navigation="null" OriginId="org.eclipse.jdt.ui.CompilationUnitEditor" StartDate="2011-12-23 21:08:36.569 EST" StructureHandle="=RealEstateMarketAnalysis/src&amp;lt;com.byronkatz{SaveCurrentValuesActivity.java" StructureKind="java" NumEvents="2" CreationCount="1"/><InteractionEvent Delta="null" EndDate="2011-12-23 21:07:54.336 EST" Interest="0.7" Kind="propagation" Navigation="org.eclipse.mylyn.core.model.edges.containment" OriginId="org.eclipse.mylyn.core.model.interest.propagation" StartDate="2011-12-23 21:07:54.336 EST" StructureHandle="=RealEstateMarketAnalysis/src&amp;lt;com.byronkatz{SaveCurrentValuesActivity.java" StructureKind="java"/><InteractionEvent Delta="null" EndDate="2011-12-23 21:08:45.997 EST" Interest="5.0" Kind="propagation" Navigation="org.eclipse.mylyn.core.model.edges.containment" OriginId="org.eclipse.mylyn.core.model.interest.propagation" StartDate="2011-12-23 21:07:54.335 EST" StructureHandle="/" StructureKind="resource" NumEvents="5" CreationCount="1"/><InteractionEvent Delta="null" EndDate="2011-12-23 21:08:45.997 EST" Interest="5.0" Kind="propagation" Navigation="org.eclipse.mylyn.core.model.edges.containment" OriginId="org.eclipse.mylyn.core.model.interest.propagation" StartDate="2011-12-23 21:07:54.335 EST" StructureHandle="=RealEstateMarketAnalysis" StructureKind="resource" NumEvents="5" CreationCount="1"/><InteractionEvent Delta="null" EndDate="2011-12-23 21:08:45.997 EST" Interest="2.1" Kind="propagation" Navigation="org.eclipse.mylyn.core.model.edges.containment" OriginId="org.eclipse.mylyn.core.model.interest.propagation" StartDate="2011-12-23 21:07:54.332 EST" StructureHandle="=RealEstateMarketAnalysis/src&amp;lt;com.byronkatz{SaveCurrentValuesActivity.java[SaveCurrentValuesActivity" StructureKind="java" NumEvents="3" CreationCount="1"/><InteractionEvent Delta="null" EndDate="2011-12-23 21:08:45.997 EST" Interest="5.0" Kind="propagation" Navigation="org.eclipse.mylyn.core.model.edges.containment" OriginId="org.eclipse.mylyn.core.model.interest.propagation" StartDate="2011-12-23 21:07:54.333 EST" StructureHandle="/RealEstateMarketAnalysis/src/com/byronkatz" StructureKind="resource" NumEvents="5" CreationCount="1"/><InteractionEvent Delta="null" EndDate="2011-12-23 21:08:45.997 EST" Interest="5.0" Kind="propagation" Navigation="org.eclipse.mylyn.core.model.edges.containment" OriginId="org.eclipse.mylyn.core.model.interest.propagation" StartDate="2011-12-23 21:07:54.334 EST" StructureHandle="/RealEstateMarketAnalysis/src/com" StructureKind="resource" NumEvents="5" CreationCount="1"/><InteractionEvent Delta="null" EndDate="2011-12-23 21:08:45.996 EST" Interest="3.0" Kind="edit" Navigation="null" OriginId="org.eclipse.jdt.ui.CompilationUnitEditor" StartDate="2011-12-23 21:07:54.331 EST" StructureHandle="=RealEstateMarketAnalysis/src&amp;lt;com.byronkatz{SaveCurrentValuesActivity.java[SaveCurrentValuesActivity~onCreate~QBundle;" StructureKind="java" NumEvents="3" CreationCount="1"/></InteractionHistory>